{"loss": 2.056760787963867, "_timestamp": 1725112846.4599156, "_runtime": 8771.970323562622, "_step": 590}